{
  "primary": {
    "observer": "gap",
    "per_Ltau": {
      "L8_tau2.0": {
        "L": 8,
        "tau": 2.0,
        "n_J_values": 8,
        "J_over_U": [
          0.16,
          0.18,
          0.2,
          0.22,
          0.24,
          0.26,
          0.28,
          0.3
        ],
        "consecutive_angles": [
          1.0173007571601367,
          0.9449621627820681,
          0.8760969722139978,
          0.2783006967738832,
          1.0367341103264598,
          1.1219435600817347,
          1.2755660808744742
        ],
        "theta_threshold": 1.2755660808744742,
        "theta_offthreshold": 0.9105295674980329,
        "ratio": 1.400905721688417,
        "argmax_consecutive_J_pair": [
          0.28,
          0.3
        ],
        "argmax_consecutive_idx": 6,
        "argmax_in_threshold_band": true,
        "argmax_in_prediction_band_0p24_0p32": true,
        "argmax_in_falsification_band_0p20_0p36": true
      },
      "L8_tau3.0": {
        "L": 8,
        "tau": 3.0,
        "n_J_values": 8,
        "J_over_U": [
          0.16,
          0.18,
          0.2,
          0.22,
          0.24,
          0.26,
          0.28,
          0.3
        ],
        "consecutive_angles": [
          1.113021664369787,
          1.1106648021732575,
          1.18586946182349,
          0.16982350525091403,
          1.357166889608709,
          1.4795118554235762,
          1.2836240705688233
        ],
        "theta_threshold": 1.4795118554235762,
        "theta_offthreshold": 1.1118432332715222,
        "ratio": 1.3306838690470908,
        "argmax_consecutive_J_pair": [
          0.26,
          0.28
        ],
        "argmax_consecutive_idx": 5,
        "argmax_in_threshold_band": true,
        "argmax_in_prediction_band_0p24_0p32": true,
        "argmax_in_falsification_band_0p20_0p36": true
      },
      "L9_tau2.0": {
        "L": 9,
        "tau": 2.0,
        "n_J_values": 10,
        "J_over_U": [
          0.12,
          0.16,
          0.18,
          0.2,
          0.22,
          0.24,
          0.26,
          0.28,
          0.3,
          0.4
        ],
        "consecutive_angles": [
          0.4697082889391283,
          0.7481142050036714,
          0.5283367856815763,
          0.29335297701346097,
          0.22140983519946758,
          0.21611987487167153,
          0.16048824429557582,
          0.39101601903744315,
          1.1334330572500904
        ],
        "theta_threshold": 0.39101601903744315,
        "theta_offthreshold": 0.4990225373103523,
        "ratio": 0.7835638469255394,
        "argmax_consecutive_J_pair": [
          0.3,
          0.4
        ],
        "argmax_consecutive_idx": 8,
        "argmax_in_threshold_band": true,
        "argmax_in_prediction_band_0p24_0p32": false,
        "argmax_in_falsification_band_0p20_0p36": false
      },
      "L9_tau3.0": {
        "L": 9,
        "tau": 3.0,
        "n_J_values": 10,
        "J_over_U": [
          0.12,
          0.16,
          0.18,
          0.2,
          0.22,
          0.24,
          0.26,
          0.28,
          0.3,
          0.4
        ],
        "consecutive_angles": [
          0.3978273440048286,
          0.6427734107641291,
          0.3997409489099721,
          0.21638749882141187,
          0.11331777206274245,
          0.14205958887965425,
          0.3071113968169326,
          0.2904379057510169,
          0.9052121240271824
        ],
        "theta_threshold": 0.3071113968169326,
        "theta_offthreshold": 0.39878414645740035,
        "ratio": 0.7701193729619326,
        "argmax_consecutive_J_pair": [
          0.3,
          0.4
        ],
        "argmax_consecutive_idx": 8,
        "argmax_in_threshold_band": true,
        "argmax_in_prediction_band_0p24_0p32": false,
        "argmax_in_falsification_band_0p20_0p36": false
      }
    },
    "P3.1_pass": false,
    "P3.1_pairs_pass": [
      true,
      false
    ],
    "P3.1_ratios": [
      1.400905721688417,
      0.7835638469255394
    ],
    "P3.2_pass": true,
    "F3.1_falsified": false,
    "F3.2_falsified": false
  },
  "sensitivity": {
    "primary_gap": {
      "observer": "gap",
      "per_Ltau": {
        "L8_tau2.0": {
          "L": 8,
          "tau": 2.0,
          "n_J_values": 8,
          "J_over_U": [
            0.16,
            0.18,
            0.2,
            0.22,
            0.24,
            0.26,
            0.28,
            0.3
          ],
          "consecutive_angles": [
            1.0173007571601367,
            0.9449621627820681,
            0.8760969722139978,
            0.2783006967738832,
            1.0367341103264598,
            1.1219435600817347,
            1.2755660808744742
          ],
          "theta_threshold": 1.2755660808744742,
          "theta_offthreshold": 0.9105295674980329,
          "ratio": 1.400905721688417,
          "argmax_consecutive_J_pair": [
            0.28,
            0.3
          ],
          "argmax_consecutive_idx": 6,
          "argmax_in_threshold_band": true,
          "argmax_in_prediction_band_0p24_0p32": true,
          "argmax_in_falsification_band_0p20_0p36": true
        },
        "L8_tau3.0": {
          "L": 8,
          "tau": 3.0,
          "n_J_values": 8,
          "J_over_U": [
            0.16,
            0.18,
            0.2,
            0.22,
            0.24,
            0.26,
            0.28,
            0.3
          ],
          "consecutive_angles": [
            1.113021664369787,
            1.1106648021732575,
            1.18586946182349,
            0.16982350525091403,
            1.357166889608709,
            1.4795118554235762,
            1.2836240705688233
          ],
          "theta_threshold": 1.4795118554235762,
          "theta_offthreshold": 1.1118432332715222,
          "ratio": 1.3306838690470908,
          "argmax_consecutive_J_pair": [
            0.26,
            0.28
          ],
          "argmax_consecutive_idx": 5,
          "argmax_in_threshold_band": true,
          "argmax_in_prediction_band_0p24_0p32": true,
          "argmax_in_falsification_band_0p20_0p36": true
        },
        "L9_tau2.0": {
          "L": 9,
          "tau": 2.0,
          "n_J_values": 10,
          "J_over_U": [
            0.12,
            0.16,
            0.18,
            0.2,
            0.22,
            0.24,
            0.26,
            0.28,
            0.3,
            0.4
          ],
          "consecutive_angles": [
            0.4697082889391283,
            0.7481142050036714,
            0.5283367856815763,
            0.29335297701346097,
            0.22140983519946758,
            0.21611987487167153,
            0.16048824429557582,
            0.39101601903744315,
            1.1334330572500904
          ],
          "theta_threshold": 0.39101601903744315,
          "theta_offthreshold": 0.4990225373103523,
          "ratio": 0.7835638469255394,
          "argmax_consecutive_J_pair": [
            0.3,
            0.4
          ],
          "argmax_consecutive_idx": 8,
          "argmax_in_threshold_band": true,
          "argmax_in_prediction_band_0p24_0p32": false,
          "argmax_in_falsification_band_0p20_0p36": false
        },
        "L9_tau3.0": {
          "L": 9,
          "tau": 3.0,
          "n_J_values": 10,
          "J_over_U": [
            0.12,
            0.16,
            0.18,
            0.2,
            0.22,
            0.24,
            0.26,
            0.28,
            0.3,
            0.4
          ],
          "consecutive_angles": [
            0.3978273440048286,
            0.6427734107641291,
            0.3997409489099721,
            0.21638749882141187,
            0.11331777206274245,
            0.14205958887965425,
            0.3071113968169326,
            0.2904379057510169,
            0.9052121240271824
          ],
          "theta_threshold": 0.3071113968169326,
          "theta_offthreshold": 0.39878414645740035,
          "ratio": 0.7701193729619326,