{
  "per_L": {
    "6": {
      "medians_by_tau": {
        "1.0": 1.3993191419841375,
        "2.0": 0.2743103270421424,
        "3.0": 0.18044090098930526
      },
      "P4.1_pass": true
    },
    "8": {
      "medians_by_tau": {
        "2.0": 1.400773258925559,
        "3.0": 1.3872487037138135
      },
      "P4.2_pass": true
    },
    "9": {
      "medians_by_tau": {
        "2.0": 0.7578737563085539,
        "3.0": 0.6483338235155607
      },
      "P4.2_pass": true
    }
  },
  "aux_L9_3point": {
    "medians_by_tau": {
      "1.0": 1.0605563776886608,
      "2.0": 0.8206047627355962,
      "3.0": 0.6495625026693117
    },
    "monotonic_decreasing": true
  },
  "P4.1_pass": true,
  "P4.2_pass": true,
  "F4.1_falsified": false,
  "F4.2_falsified": false
}